Bee_ID,lat,long,popN,indN,Date,Time,toSequence,toWing,enjambre
AR1201,-32.9622222222222,-60.6563888888889,12,01,15.1.18,16:15,TRUE,TRUE,FALSE
AR1202,-32.9622222222222,-60.6563888888889,12,02,15.1.18,16:13,FALSE,FALSE,FALSE
AR1203,-32.9552777777778,-60.6566666666667,12,03,15.1.18,16:42,FALSE,FALSE,FALSE
AR1204,-32.9652777777778,-60.6636111111111,12,04,15.1.18,17:15,FALSE,FALSE,FALSE
AR1205,-32.9575,-60.64,12,05,15.1.18,17:42,TRUE,TRUE,FALSE
AR1206,-32.9597222222222,-60.6277777777778,12,06,15.1.18,17:52,FALSE,FALSE,FALSE
AR1207,-32.9580555555556,-60.63,12,07,15.1.18,18:00,FALSE,FALSE,FALSE
AR1208,-32.9486111111111,-60.6269444444444,12,08,15.1.18,18:05,TRUE,TRUE,FALSE
AR1209,-32.9341666666667,-60.645,12,09,15.1.18,18:35,FALSE,FALSE,FALSE
AR1210,-32.9333333333333,-60.6461111111111,12,10,15.1.18,18:45,TRUE,TRUE,FALSE
AR1211,-32.9263888888889,-60.6613888888889,12,11,15.1.18,19:15,FALSE,FALSE,FALSE
AR1212,-32.9283333333333,-60.6625,12,12,15.1.18,19:10,TRUE,TRUE,FALSE
AR1213,-32.9305555555556,-60.6722222222222,12,13,15.1.18,19:40,FALSE,FALSE,FALSE
AR1214,-32.9097222222222,-60.6877777777778,12,14,16.1.18,8:36,TRUE,TRUE,FALSE
AR1215,-32.8852777777778,-60.695,12,15,16.1.18,8:52,TRUE,TRUE,FALSE
AR1216,-32.8936111111111,-60.7066666666667,12,16,21.1.18,10:27,TRUE,TRUE,FALSE
AR1217,-32.8936111111111,-60.7066666666667,12,17,21.1.18,10:27,FALSE,FALSE,FALSE
AR1218,-32.9719444444444,-60.7194444444444,12,18,21.1.18,10:49,TRUE,TRUE,FALSE
AR1301,-32.7336111111111,-60.7425,13,01,16.1.18,9:43,TRUE,TRUE,FALSE
AR1302,-32.7425,-60.7530555555556,13,02,16.1.18,10:00,TRUE,TRUE,FALSE
AR1303,-32.7091666666667,-60.7477777777778,13,03,16.1.18,10:22,TRUE,TRUE,FALSE
AR1304,-32.7044444444444,-60.7513888888889,13,04,16.1.18,10:47,FALSE,FALSE,FALSE
AR1305,-32.7016666666667,-60.7680555555556,13,05,16.1.18,11:14,TRUE,TRUE,FALSE
AR1306,-32.7072222222222,-60.7791666666667,13,06,16.1.18,11:27,TRUE,TRUE,FALSE
AR1307,-32.6711111111111,-60.7963888888889,13,07,16.1.18,12:00,FALSE,FALSE,FALSE
AR1308,-32.6711111111111,-60.7963888888889,13,08,16.1.18,12:15,FALSE,FALSE,FALSE
AR1309,-32.6711111111111,-60.7955555555556,13,09,16.1.18,12:23,FALSE,FALSE,FALSE
AR1310,-32.6641666666667,-60.7991666666667,13,10,16.1.18,12:37,TRUE,TRUE,FALSE
AR1311,-32.6597222222222,-60.7875,13,11,16.1.18,13:55,TRUE,TRUE,FALSE
AR1312,-32.6677777777778,-60.7938888888889,13,12,16.1.18,14:26,FALSE,FALSE,FALSE
AR1313,-32.6408333333333,-60.8130555555556,13,13,16.1.18,14:34,FALSE,FALSE,FALSE
AR1314,-32.6363888888889,-60.8183333333333,13,14,16.1.18,14:47,TRUE,TRUE,FALSE
AR1315,-32.6369,-60.8147,13,15,21.1.18,9:40,FALSE,FALSE,FALSE
AR1316,-32.6369,-60.8147,13,16,21.1.18,9:46,FALSE,FALSE,FALSE
AR1401,-32.3647222222222,-60.9377777777778,14,01,16.1.18,15:39,TRUE,TRUE,FALSE
AR1402,-32.3513888888889,-60.9402777777778,14,02,16.1.18,15:47,TRUE,TRUE,FALSE
AR1403,-32.3558333333333,-60.9486111111111,14,03,16.1.18,16:03,TRUE,TRUE,TRUE
AR1404,-32.3605555555556,-60.9447222222222,14,04,16.1.18,16:16,FALSE,FALSE,FALSE
AR1405,-32.3605555555556,-60.9447222222222,14,05,16.1.18,16:18,FALSE,FALSE,FALSE
AR1406,-32.2944444444444,-60.9647222222222,14,06,16.1.18,16:40,TRUE,TRUE,FALSE
AR1407,-32.2788888888889,-60.9827777777778,14,07,16.1.18,16:46,TRUE,TRUE,FALSE
AR1408,-32.2613888888889,-60.9780555555556,14,08,16.1.18,16:53,TRUE,TRUE,FALSE
AR1409,-32.2505555555556,-60.9866666666667,14,09,16.1.18,17:00,TRUE,TRUE,FALSE
AR1410,-32.2322222222222,-60.9758333333333,14,10,16.1.18,17:47,TRUE,TRUE,FALSE
AR1411,-32.2322222222222,-60.9758333333333,14,11,16.1.18,17:50,FALSE,FALSE,FALSE
AR1412,-32.2305555555556,-60.9816666666667,14,12,16.1.18,18:20,FALSE,FALSE,FALSE
AR1413,-32.2333333333333,-60.985,14,13,16.1.18,19:20,TRUE,TRUE,FALSE
AR1414,-32.2311111111111,-60.9813888888889,14,14,21.1.18,9:04,FALSE,FALSE,FALSE
AR1415,-32.2311111111111,-60.9813888888889,14,15,21.1.18,9:05,FALSE,FALSE,FALSE
AR1501,-31.9655555555556,-60.9130555555556,15,01,17.1.18,7:30,FALSE,FALSE,FALSE
AR1502,-31.9747222222222,-60.9147222222222,15,02,17.1.18,8:13,FALSE,FALSE,FALSE
AR1503,-31.9825,-60.9166666666667,15,03,17.1.18,8:22,TRUE,TRUE,FALSE
AR1504,-31.9975,-60.9255555555556,15,04,17.1.18,8:33,FALSE,FALSE,FALSE
AR1505,-32,-60.9275,15,05,17.1.18,8:41,FALSE,FALSE,FALSE
AR1506,-32.0002777777778,-60.9208333333333,15,06,17.1.18,8:52,TRUE,TRUE,FALSE
AR1507,-32.0044444444444,-60.9238888888889,15,07,17.1.18,9:17,FALSE,FALSE,FALSE
AR1508,-31.9994444444444,-60.9305555555556,15,08,17.1.18,9:36,TRUE,TRUE,FALSE
AR1509,-31.9947222222222,-60.9594444444445,15,09,17.1.18,10:03,TRUE,TRUE,FALSE
AR1510,-31.9741666666667,-60.9375,15,10,17.1.18,10:41,TRUE,TRUE,FALSE
AR1511,-31.9644444444444,-60.9358333333333,15,11,17.1.18,11:00,TRUE,TRUE,TRUE
AR1512,-31.9555555555556,-60.9333333333333,15,12,17.1.18,11:15,FALSE,FALSE,FALSE
AR1513,-31.9513888888889,-60.9241666666667,15,13,17.1.18,11:41,TRUE,TRUE,FALSE
AR1514,-31.9541666666667,-60.9147222222222,15,14,17.1.18,12:00,FALSE,FALSE,FALSE
AR1515,-31.9616666666667,-60.8616666666667,15,15,17.1.18,,FALSE,FALSE,FALSE
AR1516,-31.9641666666667,-60.9119444444444,15,16,21.1.18,6:25,FALSE,FALSE,FALSE
AR1517,-31.9713888888889,-60.9266666666667,15,17,21.1.18,8:36,FALSE,FALSE,FALSE
AR1518,-31.9641666666667,-60.9119444444444,15,18,21.1.18,6:16,TRUE,TRUE,FALSE
AR1601,-31.6805555555556,-60.7736111111111,16,01,17.1.18,15:55,TRUE,TRUE,FALSE
AR1602,-31.6808333333333,-60.7713888888889,16,02,17.1.18,16:05,FALSE,FALSE,FALSE
AR1603,-31.6869444444444,-60.7583333333333,16,03,17.1.18,16:19,TRUE,TRUE,FALSE
AR1604,-31.6936111111111,-60.7636111111111,16,04,17.1.18,16:28,TRUE,TRUE,FALSE
AR1605,-31.6836111111111,-60.7772222222222,16,05,17.1.18,16:46,TRUE,TRUE,FALSE
AR1606,-31.6644444444444,-60.7627777777778,16,06,17.1.18,17:02,TRUE,TRUE,FALSE
AR1607,-31.6627777777778,-60.7616666666667,16,07,17.1.18,17:15,FALSE,FALSE,FALSE
AR1608,-31.6677777777778,-60.7538888888889,16,08,17.1.18,17:40,FALSE,FALSE,FALSE
AR1609,-31.6677777777778,-60.7525,16,09,17.1.18,17:40,TRUE,TRUE,FALSE
AR1610,-31.63,-60.7177777777778,16,10,17.1.18,18:10,FALSE,FALSE,FALSE
AR1611,-31.6366666666667,-60.7202777777778,16,11,17.1.18,18:20,FALSE,FALSE,FALSE
AR1612,-31.6372222222222,-60.7197222222222,16,12,17.1.18,18:30,TRUE,TRUE,FALSE
AR1613,-31.6286111111111,-60.7041666666667,16,13,17.1.18,18:55,TRUE,TRUE,FALSE
AR1614,-31.6222222222222,-60.6975,16,14,17.1.18,17:08,TRUE,TRUE,FALSE
AR1615,-31.6222222222222,-60.6983333333333,16,15,17.1.18,17:15,FALSE,FALSE,FALSE
AR1901,-31.2155555555556,-60.1627777777778,19,01,18.1.18,9:15,FALSE,FALSE,FALSE
AR1902,-31.2155555555556,-60.1627777777778,19,02,18.1.18,9:18,TRUE,TRUE,FALSE
AR1903,-31.2155555555556,-60.1627777777778,19,03,18.1.18,9:20,FALSE,FALSE,FALSE
AR1904,-31.2155555555556,-60.1627777777778,19,04,18.1.18,9:25,FALSE,FALSE,FALSE
AR1905,-31.2002777777778,-60.1591666666667,19,05,18.1.18,9:40,TRUE,TRUE,FALSE
AR1906,-31.2002777777778,-60.16,19,06,18.1.18,9:47,TRUE,TRUE,FALSE
AR1907,-31.2022222222222,-60.16,19,07,18.1.18,10:01,TRUE,TRUE,FALSE
AR1908,-31.1838888888889,-60.1508333333333,19,08,18.1.18,10:10,TRUE,TRUE,FALSE
AR1909,-31.1838888888889,-60.1508333333333,19,09,18.1.18,10:13,FALSE,FALSE,FALSE
AR1910,-31.1519444444444,-60.1363888888889,19,10,18.1.18,10:48,TRUE,TRUE,FALSE
AR1911,-31.1519444444444,-60.1363888888889,19,11,18.1.18,10:50,FALSE,FALSE,FALSE
AR1912,-31.14,-60.1322222222222,19,12,18.1.18,10:52,FALSE,FALSE,FALSE
AR1913,-31.14,-60.1322222222222,19,13,18.1.18,10:53,TRUE,TRUE,FALSE
AR1914,-31.1063888888889,-60.0958333333333,19,14,18.1.18,11:25,FALSE,FALSE,FALSE
AR1915,-31.1063888888889,-60.0958333333333,19,15,18.1.18,11:28,TRUE,TRUE,FALSE
AR2001,-30.7963888888889,-60.0038888888889,20,01,18.1.18,11:55,FALSE,FALSE,FALSE
AR2002,-30.7963888888889,-60.0038888888889,20,02,18.1.18,11:55,TRUE,TRUE,TRUE
AR2003,-30.7963888888889,-60.0038888888889,20,03,18.1.18,11:55,FALSE,FALSE,FALSE
AR2004,-30.7769444444444,-60.0002777777778,20,04,18.1.18,12:14,TRUE,TRUE,FALSE
AR2005,-30.7633333333333,-59.9988888888889,20,05,18.1.18,13:00,TRUE,TRUE,FALSE
AR2006,-30.7633333333333,-59.9988888888889,20,06,18.1.18,13:05,FALSE,FALSE,FALSE
AR2007,-30.7447222222222,-59.9958333333333,20,07,18.1.18,13:15,TRUE,TRUE,FALSE
AR2008,-30.7391666666667,-59.9958333333333,20,08,18.1.18,13:23,TRUE,TRUE,FALSE
AR2009,-30.6711111111111,-59.9772222222222,20,09,18.1.18,13:42,TRUE,TRUE,FALSE
AR2010,-30.6711111111111,-59.9772222222222,20,10,18.1.18,13:43,FALSE,FALSE,FALSE
AR2011,-30.6711111111111,-59.9772222222222,20,11,18.1.18,13:46,FALSE,FALSE,FALSE
AR2012,-30.6708333333333,-59.9741666666667,20,12,18.1.18,13:50,TRUE,TRUE,FALSE
AR2013,-30.6655555555556,-59.9713888888889,20,13,18.1.18,14:00,FALSE,FALSE,FALSE
AR2014,-30.6655555555556,-59.9713888888889,20,14,18.1.18,14:00,FALSE,FALSE,FALSE
AR2015,-30.6569444444444,-59.9705555555556,20,15,18.1.18,14:08,FALSE,FALSE,FALSE
AR2016,-30.6569444444444,-59.9705555555556,20,16,18.1.18,14:09,TRUE,TRUE,FALSE
AR2017,-30.6472222222222,-59.9652777777778,20,17,18.1.18,14:15,FALSE,FALSE,FALSE
AR2018,-30.6472222222222,-59.9652777777778,20,18,18.1.18,14:17,FALSE,FALSE,FALSE
AR2019,-30.6472222222222,-59.9652777777778,20,19,18.1.18,14:18,TRUE,TRUE,FALSE
AR2201,-30.3927777777778,-59.9469444444444,22,01,18.1.18,15:15,TRUE,TRUE,FALSE
AR2202,-30.3944444444444,-59.9483333333333,22,02,18.1.18,15:21,TRUE,TRUE,TRUE
AR2203,-30.3708333333333,-59.9663888888889,22,03,18.1.18,15:25,TRUE,TRUE,FALSE
AR2204,-30.3708333333333,-59.9663888888889,22,04,18.1.18,15:35,FALSE,FALSE,FALSE
AR2205,-30.3458333333333,-59.9722222222222,22,05,18.1.18,15:43,FALSE,FALSE,FALSE
AR2206,-30.3458333333333,-59.9722222222222,22,06,18.1.18,15:43,TRUE,TRUE,FALSE
AR2207,-30.3458333333333,-59.9722222222222,22,07,18.1.18,15:46,FALSE,FALSE,FALSE
AR2208,-30.3458333333333,-59.9722222222222,22,08,18.1.18,16:00,FALSE,FALSE,FALSE
AR2209,-30.3222222222222,-59.9797222222222,22,09,18.1.18,16:15,TRUE,TRUE,FALSE
AR2210,-30.3222222222222,-59.9797222222222,22,10,18.1.18,16:16,FALSE,FALSE,FALSE
AR2211,-30.2802777777778,-59.9769444444444,22,11,18.1.18,16:23,FALSE,FALSE,FALSE
AR2212,-30.2802777777778,-59.9769444444444,22,12,18.1.18,16:27,TRUE,TRUE,FALSE
AR2213,-30.2666666666667,-59.9744444444444,22,13,18.1.18,16:39,TRUE,TRUE,FALSE
AR2214,-30.2536111111111,-59.9713888888889,22,14,18.1.18,16:52,FALSE,FALSE,FALSE
AR2215,-30.2516666666667,-59.9702777777778,22,15,18.1.18,16:58,TRUE,TRUE,FALSE
AR2301,-29.9075,-59.8311111111111,23,01,18.1.18,18:05,FALSE,FALSE,FALSE
AR2302,-29.9075,-59.8311111111111,23,02,18.1.18,18:05,TRUE,TRUE,FALSE
AR2303,-29.9094444444444,-59.8233333333333,23,03,18.1.18,18:21,TRUE,TRUE,FALSE
AR2304,-29.9094444444444,-59.8233333333333,23,04,18.1.18,18:22,FALSE,FALSE,FALSE
AR2305,-29.9080555555556,-59.825,23,05,18.1.18,18:37,TRUE,TRUE,FALSE
AR2306,-29.9080555555556,-59.825,23,06,18.1.18,18:37,FALSE,FALSE,FALSE
AR2307,-29.9080555555556,-59.8247222222222,23,07,18.1.18,18:45,FALSE,FALSE,FALSE
AR2308,-29.9080555555556,-59.8247222222222,23,08,18.1.18,18:45,FALSE,FALSE,FALSE
AR2309,-29.9080555555556,-59.8247222222222,23,09,18.1.18,18:50,FALSE,FALSE,FALSE
AR2310,-29.9080555555556,-59.8247222222222,23,10,18.1.18,19:02,FALSE,FALSE,FALSE
AR2311,-29.9069444444444,-59.8325,23,11,18.1.18,19:30,TRUE,TRUE,FALSE
AR2312,-29.8988888888889,-59.8275,23,12,18.1.18,19:50,FALSE,FALSE,FALSE
AR2313,-29.8919444444444,-59.8222222222222,23,13,19.1.18,7:15,TRUE,TRUE,FALSE
AR2314,-29.8905555555556,-59.8225,23,14,19.1.18,7:30,TRUE,TRUE,FALSE
AR2315,-29.8838888888889,-59.82,23,15,19.1.18,7:37,TRUE,TRUE,FALSE
AR2316,-29.8672222222222,-59.8175,23,16,19.1.18,7:42,TRUE,TRUE,FALSE
AR2317,-29.8475,-59.8091666666667,23,17,19.1.18,7:54,TRUE,TRUE,FALSE
AR2501,-29.5894444444444,-59.7711111111111,25,01,19.1.18,8:24,FALSE,FALSE,FALSE
AR2502,-29.5894444444444,-59.7711111111111,25,02,19.1.18,8:24,TRUE,TRUE,FALSE
AR2503,-29.5511111111111,-59.7669444444444,25,03,19.1.18,8:44,TRUE,TRUE,FALSE
AR2504,-29.5166666666667,-59.7688888888889,25,04,19.1.18,9:07,TRUE,TRUE,FALSE
AR2505,-29.4838888888889,-59.7591666666667,25,05,19.1.18,9:20,FALSE,FALSE,FALSE
AR2506,-29.4838888888889,-59.7591666666667,25,06,19.1.18,9:25,FALSE,FALSE,FALSE
AR2507,-29.4977777777778,-59.7575,25,07,19.1.18,9:30,FALSE,FALSE,FALSE
AR2508,-29.4977777777778,-59.7575,25,08,19.1.18,9:32,FALSE,FALSE,FALSE
AR2509,-29.4886111111111,-59.7477777777778,25,09,19.1.18,9:46,TRUE,TRUE,FALSE
AR2510,-29.4977777777778,-59.7444444444444,25,10,19.1.18,9:55,FALSE,FALSE,FALSE
AR2511,-29.5128,-59.7414,25,11,19.1.18,10:11,TRUE,TRUE,FALSE
AR2512,-29.5044444444444,-59.7447222222222,25,12,19.1.18,11:05,TRUE,TRUE,TRUE
AR2513,-29.4941666666667,-59.7616666666667,25,13,19.1.18,11:36,TRUE,TRUE,FALSE
AR2514,-29.4919444444444,-59.7569444444444,25,14,19.1.18,11:55,FALSE,FALSE,FALSE
AR2515,-29.4661111111111,-59.7577777777778,25,15,19.1.18,12:05,TRUE,TRUE,FALSE
AR2601,-29.1455555555556,-59.6558333333333,26,01,19.1.18,12:45,TRUE,TRUE,FALSE
AR2602,-29.1372222222222,-59.6505555555556,26,02,19.1.18,13:00,FALSE,FALSE,FALSE
AR2603,-29.1386111111111,-59.6386111111111,26,03,19.1.18,13:20,TRUE,TRUE,TRUE
AR2604,-29.1408333333333,-59.6383333333333,26,04,19.1.18,13:35,FALSE,FALSE,FALSE
AR2605,-29.1458333333333,-59.6513888888889,26,05,19.1.18,14:17,FALSE,FALSE,FALSE
AR2606,-29.1452777777778,-59.6563888888889,26,06,19.1.18,14:28,FALSE,FALSE,FALSE
AR2607,-29.1536111111111,-59.6666666666667,26,07,19.1.18,14:39,FALSE,FALSE,FALSE
AR2608,-29.1527777777778,-59.6741666666667,26,08,19.1.18,14:45,TRUE,TRUE,FALSE
AR2609,-29.1436111111111,-59.6725,26,09,19.1.18,14:59,TRUE,TRUE,FALSE
AR2610,-29.1447222222222,-59.6583333333333,26,10,19.1.18,15:34,FALSE,FALSE,FALSE
AR2611,-29.1266666666667,-59.6483333333333,26,11,19.1.18,15:43,TRUE,TRUE,FALSE
AR2612,-29.1038888888889,-59.6508333333333,26,12,19.1.18,16:01,TRUE,TRUE,FALSE
AR2613,-29.1133333333333,-59.6361111111111,26,13,19.1.18,16:16,TRUE,TRUE,FALSE
AR2614,-29.0536111111111,-59.6169444444444,26,14,19.1.18,16:30,TRUE,TRUE,FALSE
AR2615,-29.0525,-59.6019444444444,26,15,19.1.18,16:37,TRUE,TRUE,FALSE
AR2701,-28.6408333333333,-59.4236111111111,27,01,19.1.18,17:50,TRUE,TRUE,FALSE
AR2702,-28.6077777777778,-59.3988888888889,27,02,19.1.18,18:15,FALSE,FALSE,FALSE
AR2703,-28.6077777777778,-59.3988888888889,27,03,19.1.18,18:22,TRUE,TRUE,FALSE
AR2704,-28.6077777777778,-59.4055555555556,27,04,19.1.18,19:35,TRUE,TRUE,FALSE
AR2705,-28.6077777777778,-59.4055555555556,27,05,19.1.18,19:45,FALSE,FALSE,FALSE
AR2706,-28.5625,-59.3613888888889,27,06,20.1.18,15:03,TRUE,TRUE,FALSE
AR2707,-28.5625,-59.3613888888889,27,07,20.1.18,15:03,FALSE,FALSE,FALSE
AR2708,-28.5625,-59.3613888888889,27,08,20.1.18,15:05,FALSE,FALSE,FALSE
AR2709,-28.7388888888889,-59.4580555555556,27,09,20.1.18,16:15,FALSE,FALSE,FALSE
AR2710,-28.7388888888889,-59.4580555555556,27,10,20.1.18,16:17,FALSE,FALSE,FALSE
AR2711,-28.7388888888889,-59.4580555555556,27,11,20.1.18,16:20,TRUE,TRUE,FALSE
AR2712,-28.7388888888889,-59.4580555555556,27,12,20.1.18,16:20,FALSE,FALSE,FALSE
AR2713,-28.7455555555556,-59.4697222222222,27,13,20.1.18,16:35,TRUE,TRUE,FALSE
AR2714,-28.7291666666667,-59.4780555555556,27,14,20.1.18,16:46,TRUE,TRUE,FALSE
AR2715,-28.7266666666667,-59.4777777777778,27,15,20.1.18,16:58,FALSE,FALSE,FALSE
AR2716,-28.7266666666667,-59.4777777777778,27,16,20.1.18,16:58,TRUE,TRUE,FALSE
AR2717,-28.7455555555556,-59.4697222222222,27,17,20.1.18,17:02,FALSE,FALSE,FALSE
AR2718,-28.7455555555556,-59.4697222222222,27,18,20.1.18,17:02,FALSE,FALSE,FALSE
AR2901,-28.3405555555556,-59.2055555555556,29,01,20.1.18,6:40,TRUE,TRUE,FALSE
AR2902,-28.3388888888889,-59.2630555555556,29,02,20.1.18,7:40,FALSE,FALSE,FALSE
AR2903,-28.3388888888889,-59.2630555555556,29,03,20.1.18,7:42,TRUE,TRUE,FALSE
AR2904,-28.3291666666667,-59.2633333333333,29,04,20.1.18,7:52,TRUE,TRUE,FALSE
AR2905,-28.3477777777778,-59.2594444444444,29,05,20.1.18,8:10,TRUE,TRUE,FALSE
AR2906,-28.355,-59.2616666666667,29,06,20.1.18,8:51,FALSE,FALSE,FALSE
AR2907,-28.355,-59.2616666666667,29,07,20.1.18,8:51,TRUE,TRUE,FALSE
AR2908,-28.355,-59.2616666666667,29,08,20.1.18,8:51,FALSE,FALSE,FALSE
AR2909,-28.4883333333333,-59.3461111111111,29,09,20.1.18,9:56,TRUE,TRUE,FALSE
AR2910,-28.4883333333333,-59.3461111111111,29,10,20.1.18,9:56,FALSE,FALSE,FALSE
AR2911,-28.4897222222222,-59.3527777777778,29,11,20.1.18,10:20,FALSE,FALSE,FALSE
AR2912,-28.4897222222222,-59.3527777777778,29,12,20.1.18,10:23,TRUE,TRUE,FALSE
AR2913,-28.3455555555556,-59.2625,29,13,20.1.18,11:47,TRUE,TRUE,TRUE
AR2914,-28.3533333333333,-59.2613888888889,29,14,20.1.18,13:00,FALSE,FALSE,FALSE
AR2915,-28.3533333333333,-59.2613888888889,29,15,20.1.18,13:00,TRUE,TRUE,FALSE
AR1101,-33.2527777777778,-60.3461111111111,11,01,21.1.18,12:06,TRUE,TRUE,FALSE
AR1102,-33.2438888888889,-60.3369444444444,11,02,21.1.18,12:10,FALSE,FALSE,FALSE
AR1103,-33.2369444444444,-60.3288888888889,11,03,21.1.18,12:18,TRUE,TRUE,FALSE
AR1104,-33.2369444444444,-60.3202777777778,11,04,21.1.18,12:25,FALSE,FALSE,FALSE
AR1105,-33.2388888888889,-60.3183333333333,11,05,21.1.18,12:30,FALSE,FALSE,FALSE
AR1106,-33.2513888888889,-60.3072222222222,11,06,21.1.18,12:47,TRUE,TRUE,FALSE
AR1107,-33.2680555555556,-60.2888888888889,11,07,21.1.18,13:00,TRUE,TRUE,FALSE
AR1108,-33.2858333333333,-60.2730555555556,11,08,21.1.18,13:08,FALSE,FALSE,FALSE
AR1109,-33.2858333333333,-60.2730555555556,11,09,21.1.18,13:08,TRUE,TRUE,FALSE
AR1110,-33.2905555555556,-60.2680555555556,11,10,21.1.18,13:15,FALSE,FALSE,FALSE
AR1111,-33.2919444444444,-60.2563888888889,11,11,21.1.18,13:25,FALSE,FALSE,FALSE
AR1112,-33.3022222222222,-60.2513888888889,11,12,21.1.18,13:28,TRUE,TRUE,FALSE
AR1113,-33.3147222222222,-60.2338888888889,11,13,21.1.18,14:18,TRUE,TRUE,FALSE
AR1114,-33.3072222222222,-60.2469444444444,11,14,21.1.18,13:55,FALSE,FALSE,FALSE
AR1115,-33.3263888888889,-60.2197222222222,11,15,21.1.18,14:29,TRUE,TRUE,FALSE
AR1116,-33.3266666666667,-60.2194444444444,11,16,21.1.18,14:35,FALSE,FALSE,FALSE
AR1001,-33.665,-60.3947222222222,10,01,21.1.18,17:54,FALSE,FALSE,FALSE
AR1002,-33.6694444444444,-60.3983333333333,10,02,21.1.18,18:14,TRUE,TRUE,TRUE
AR1003,-33.6702777777778,-60.3991666666667,10,03,21.1.18,18:32,FALSE,FALSE,FALSE
AR1004,-33.6702777777778,-60.3991666666667,10,04,21.1.18,18:32,FALSE,FALSE,FALSE
AR1005,-33.5988888888889,-60.3583333333333,10,05,22.1.18,7:35,TRUE,TRUE,FALSE
AR1006,-33.5919444444444,-60.3544444444444,10,06,22.1.18,7:56,TRUE,TRUE,FALSE
AR1007,-33.6608333333333,-60.3961111111111,10,07,22.1.18,9:00,TRUE,TRUE,FALSE
AR1008,-33.6763888888889,-60.3980555555556,10,08,22.1.18,9:25,TRUE,TRUE,FALSE
AR1009,-33.6763888888889,-60.3980555555556,10,09,22.1.18,9:27,FALSE,FALSE,FALSE
AR1010,-33.6763888888889,-60.3980555555556,10,10,22.1.18,9:28,FALSE,FALSE,FALSE
AR1011,-33.7177777777778,-60.3827777777778,10,11,22.1.18,10:08,FALSE,FALSE,FALSE
AR1012,-33.7133333333333,-60.3827777777778,10,12,22.1.18,10:20,TRUE,TRUE,FALSE
AR1013,-33.7177777777778,-60.3827777777778,10,13,22.1.18,10:10,FALSE,FALSE,FALSE
AR1014,-33.7133333333333,-60.3747222222222,10,14,22.1.18,10:30,FALSE,FALSE,FALSE
AR1015,-33.7177777777778,-60.3747222222222,10,15,22.1.18,10:38,FALSE,FALSE,FALSE
AR1016,-33.7222222222222,-60.3747222222222,10,16,22.1.18,10:45,TRUE,TRUE,FALSE
AR1017,-33.7525,-60.442,10,17,22.1.18,10:50,TRUE,TRUE,FALSE
AR1018,-33.7527,-60.4414,10,18,22.1.18,10:52,FALSE,FALSE,FALSE
AR1019,-33.7536,-60.4401,10,19,22.1.18,11:00,TRUE,TRUE,FALSE
AR0901,-34.1315,-60.6625,09,01,22.1.18,13:00,TRUE,TRUE,FALSE
AR0902,-34.1714,-60.6856,09,02,22.1.18,13:15,TRUE,TRUE,FALSE
AR0903,-34.1839,-60.6993,09,03,22.1.18,13:20,TRUE,TRUE,FALSE
AR0904,-34.1831,-60.6997,09,04,22.1.18,13:25,TRUE,TRUE,FALSE
AR0905,-34.1894,-60.7139,09,05,22.1.18,13:45,FALSE,FALSE,FALSE
AR0906,-34.1894,-60.7139,09,06,22.1.18,13:50,FALSE,FALSE,FALSE
AR0907,-34.1978,-60.7224,09,07,22.1.18,14:10,TRUE,TRUE,FALSE
AR0908,-34.1969,-60.7235,09,08,22.1.18,14:18,FALSE,FALSE,FALSE
AR0909,-34.1946,-60.7275,09,09,22.1.18,14:25,FALSE,FALSE,FALSE
AR0910,-34.1942,-60.7271,09,10,22.1.18,14:30,TRUE,TRUE,FALSE
AR0911,-34.1972222222222,-60.7355555555556,09,11,22.1.18,14:49,FALSE,FALSE,FALSE
AR0912,-34.1938888888889,-60.7377777777778,09,12,22.1.18,14:58,FALSE,FALSE,FALSE
AR0913,-34.1816666666667,-60.7391666666667,09,13,22.1.18,15:00,TRUE,TRUE,FALSE
AR0914,-34.2030555555556,-60.7355555555556,09,14,22.1.18,15:30,FALSE,FALSE,FALSE
AR0915,-34.2030555555556,-60.7355555555556,09,15,22.1.18,15:30,TRUE,TRUE,FALSE
AR0801,-34.5527777777778,-60.9313888888889,08,01,22.1.18,16:45,FALSE,FALSE,FALSE
AR0802,-34.5527777777778,-60.9313888888889,08,02,22.1.18,16:45,TRUE,TRUE,FALSE
AR0803,-34.5580555555556,-60.9294444444444,08,03,22.1.18,17:30,FALSE,FALSE,FALSE
AR0804,-34.5580555555556,-60.9294444444444,08,04,22.1.18,17:37,TRUE,TRUE,FALSE
AR0805,-34.5641666666667,-60.9177777777778,08,05,22.1.18,18:27,FALSE,FALSE,FALSE
AR0806,-34.5641666666667,-60.9177777777778,08,06,22.1.18,18:29,FALSE,FALSE,FALSE
AR0807,-34.5694444444444,-60.9122222222222,08,07,22.1.18,18:34,FALSE,FALSE,FALSE
AR0808,-34.5694444444444,-60.9122222222222,08,08,22.1.18,18:35,FALSE,FALSE,FALSE
AR0809,-34.5694444444444,-60.9122222222222,08,09,22.1.18,18:36,TRUE,TRUE,FALSE
AR0810,-34.5694444444444,-60.9122222222222,08,10,22.1.18,18:37,FALSE,FALSE,FALSE
AR0811,-34.5686111111111,-60.905,08,11,22.1.18,18:45,TRUE,TRUE,FALSE
AR0812,-34.5672222222222,-60.9005555555556,08,12,22.1.18,18:51,FALSE,FALSE,FALSE
AR0813,-34.5638888888889,-60.8841666666667,08,13,22.1.18,18:56,TRUE,TRUE,FALSE
AR0814,-34.5616666666667,-60.8738888888889,08,14,22.1.18,19:05,TRUE,TRUE,FALSE
AR0815,-34.5613888888889,-60.8719444444444,08,15,22.1.18,19:23,TRUE,TRUE,FALSE
AR0816,-34.5730555555556,-60.9075,08,16,22.1.18,19:53,TRUE,TRUE,FALSE
AR0817,-34.5730555555556,-60.9075,08,17,22.1.18,19:54,FALSE,FALSE,FALSE
AR0818,-34.5761111111111,-60.9113888888889,08,18,22.1.18,19:59,TRUE,TRUE,FALSE
AR0601,-34.8942,-61,06,01,23.1.18,9:15,FALSE,FALSE,FALSE
AR0602,-34.8942,-61,06,02,23.1.18,9:20,TRUE,TRUE,FALSE
AR0603,-34.8991666666667,-61.0061111111111,06,03,23.1.18,9:25,TRUE,TRUE,FALSE
AR0604,-34.9077777777778,-61.0161111111111,06,04,23.1.18,9:32,TRUE,TRUE,FALSE
AR0605,-34.9177777777778,-61.0147222222222,06,05,23.1.18,9:37,TRUE,TRUE,FALSE
AR0606,-34.9941666666667,-61.0116666666667,06,06,23.1.18,10:21,TRUE,TRUE,FALSE
AR0607,-34.9994444444444,-61.0188888888889,06,07,23.1.18,10:40,FALSE,FALSE,FALSE
AR0608,-34.9994444444444,-61.0188888888889,06,08,23.1.18,10:42,FALSE,FALSE,FALSE
AR0609,-35.0002777777778,-61.0222222222222,06,09,23.1.18,10:48,FALSE,FALSE,FALSE
AR0610,-35.0002777777778,-61.0222222222222,06,10,23.1.18,10:50,FALSE,FALSE,FALSE
AR0611,-34.9969444444444,-61.0355555555556,06,11,23.1.18,11:08,TRUE,TRUE,FALSE
AR0612,-35.0022222222222,-61.0425,06,12,23.1.18,11:18,FALSE,FALSE,FALSE
AR0613,-35.0016666666667,-61.0533333333333,06,13,23.1.18,11:32,TRUE,TRUE,FALSE
AR0614,-35.0008333333333,-61.0477777777778,06,14,23.1.18,11:37,FALSE,FALSE,FALSE
AR0615,-35.0008333333333,-61.0477777777778,06,15,23.1.18,11:37,FALSE,FALSE,FALSE
AR0616,-35.0036111111111,-61.0391666666667,06,16,23.1.18,11:44,FALSE,FALSE,FALSE
AR0617,-34.9994444444444,-61.0344444444444,06,17,23.1.18,11:51,TRUE,TRUE,FALSE
AR0501,-35.46,-60.9222222222222,05,01,23.1.18,13:04,TRUE,TRUE,FALSE
AR0502,-35.4605555555556,-60.9155555555556,05,02,23.1.18,13:11,FALSE,FALSE,FALSE
AR0503,-35.4575,-60.9091666666667,05,03,23.1.18,13:17,FALSE,FALSE,FALSE
AR0504,-35.4513888888889,-60.9022222222222,05,04,23.1.18,13:21,TRUE,TRUE,FALSE
AR0505,-35.4455555555556,-60.9041666666667,05,05,23.1.18,13:30,FALSE,FALSE,FALSE
AR0506,-35.4397222222222,-60.9022222222222,05,06,23.1.18,13:40,TRUE,TRUE,FALSE
AR0507,-35.4247222222222,-60.9158333333333,05,07,23.1.18,13:48,TRUE,TRUE,FALSE
AR0508,-35.4163888888889,-60.9225,05,08,23.1.18,13:55,FALSE,FALSE,FALSE
AR0509,-35.4083333333333,-60.9288888888889,05,09,23.1.18,14:15,TRUE,TRUE,FALSE
AR0510,-35.3866666666667,-60.9508333333333,05,10,23.1.18,14:30,TRUE,TRUE,FALSE
AR0511,-35.3863888888889,-60.9619444444444,05,11,23.1.18,14:35,TRUE,TRUE,FALSE
AR0512,-35.3872222222222,-60.9741666666667,05,12,23.1.18,14:38,FALSE,FALSE,FALSE
AR0513,-35.3877777777778,-60.9863888888889,05,13,23.1.18,14:45,TRUE,TRUE,FALSE
AR0514,-35.3877777777778,-61.0019444444444,05,14,23.1.18,14:52,FALSE,FALSE,FALSE
AR0515,-35.3886111111111,-61.0097222222222,05,15,23.1.18,14:59,TRUE,TRUE,FALSE
AR0301,-35.7522222222222,-60.8502777777778,03,01,23.1.18,16:30,FALSE,FALSE,FALSE
AR0302,-35.7472222222222,-60.855,03,02,23.1.18,16:50,TRUE,TRUE,FALSE
AR0303,-35.7455555555556,-60.8561111111111,03,03,23.1.18,16:52,FALSE,FALSE,FALSE
AR0304,-35.7497222222222,-60.8638888888889,03,04,23.1.18,16:59,FALSE,FALSE,FALSE
AR0305,-35.7202777777778,-60.8741666666667,03,05,23.1.18,17:08,TRUE,TRUE,FALSE
AR0306,-35.7597222222222,-60.8852777777778,03,06,23.1.18,17:16,TRUE,TRUE,FALSE
AR0307,-35.7661111111111,-60.8969444444444,03,07,23.1.18,17:36,FALSE,FALSE,FALSE
AR0308,-35.7711111111111,-60.9061111111111,03,08,23.1.18,17:46,TRUE,TRUE,FALSE
AR0309,-35.7811111111111,-60.9194444444444,03,09,23.1.18,17:58,TRUE,TRUE,FALSE
AR0310,-35.7911111111111,-60.9230555555555,03,10,23.1.18,18:11,FALSE,FALSE,FALSE
AR0311,-35.8005555555556,-60.9108333333333,03,11,23.1.18,,TRUE,TRUE,FALSE
AR0312,-35.8113888888889,-60.8972222222222,03,12,23.1.18,18:37,TRUE,TRUE,FALSE
AR0313,-35.8066666666667,-60.9188888888889,03,13,23.1.18,18:49,FALSE,FALSE,FALSE
AR0314,-35.8163888888889,-60.9305555555556,03,14,23.1.18,18:52,FALSE,FALSE,FALSE
AR0315,-35.8305555555556,-60.935,03,15,23.1.18,19:00,TRUE,TRUE,FALSE
AR0101,-36.1527777777778,-61.0769444444445,01,01,23.1.18,19:30,TRUE,TRUE,FALSE
AR0102,-36.1747222222222,-61.1030555555556,01,02,23.1.18,19:38,FALSE,FALSE,FALSE
AR0103,-36.1822222222222,-61.1158333333333,01,03,23.1.18,19:40,TRUE,TRUE,FALSE
AR0104,-36.1886111111111,-61.1244444444444,01,04,23.1.18,19:44,FALSE,FALSE,FALSE
AR0105,-36.1983333333333,-61.1361111111111,01,05,23.1.18,19:48,TRUE,TRUE,FALSE
AR0106,-36.2061111111111,-61.1455555555556,01,06,23.1.18,19:53,FALSE,FALSE,FALSE
AR0107,-36.2158333333333,-61.1569444444444,01,07,23.1.18,19:58,FALSE,FALSE,FALSE
AR0108,-36.2313888888889,-61.1733333333333,01,08,23.1.18,20:05,TRUE,TRUE,FALSE
AR0109,-36.2280555555556,-61.1472222222222,01,09,23.1.18,20:13,TRUE,TRUE,FALSE
AR0110,-36.2375,-61.1325,01,10,23.1.18,20:20,TRUE,TRUE,FALSE
AR0111,-36.2244444444444,-61.1233333333333,01,11,24.1.18,8:58,TRUE,TRUE,FALSE
AR0112,-36.2191666666667,-61.1152777777778,01,12,24.1.18,9:10,FALSE,FALSE,FALSE
AR0113,-36.2255555555556,-61.1052777777778,01,13,24.1.18,9:17,TRUE,TRUE,FALSE
AR0114,-36.2352777777778,-61.1102777777778,01,14,24.1.18,9:34,FALSE,FALSE,FALSE
AR0115,-36.2433333333333,-61.1127777777778,01,15,24.1.18,9:41,TRUE,TRUE,FALSE
